human_position,human_residue,domain,is_canonical_hotspot,total_species,non_gap_count,gap_count,gap_fraction,majority_residue,majority_count,majority_conservation,human_residue_conservation,shannon_entropy,normalized_entropy,unique_residue_count
1,M,transactivation_domain,FALSE,56,56,0,0,M,56,1,1,0,0,1
2,E,transactivation_domain,FALSE,56,56,0,0,E,43,0.767857143,0.767857143,1.004872334,0.232505565,3
3,E,transactivation_domain,FALSE,56,56,0,0,E,44,0.785714286,0.785714286,1.053515793,0.243760602,5
4,P,transactivation_domain,FALSE,56,56,0,0,P,30,0.535714286,0.535714286,1.581065134,0.365824026,5
5,Q,transactivation_domain,FALSE,56,56,0,0,Q,44,0.785714286,0.785714286,1.024024999,0.236937075,4
6,S,transactivation_domain,FALSE,56,55,1,0.017857143,S,40,0.727272727,0.727272727,1.269335417,0.293696561,5
7,D,transactivation_domain,FALSE,56,55,1,0.017857143,E,30,0.545454545,0.454545455,0.994030211,0.229996934,2
8,P,transactivation_domain,FALSE,56,54,2,0.035714286,L,44,0.814814815,0.111111111,0.982206646,0.227261219,5
9,S,transactivation_domain,FALSE,56,50,6,0.107142857,S,23,0.46,0.46,2.08223569,0.481783973,7
10,V,transactivation_domain,FALSE,56,51,5,0.089285714,I,24,0.470588235,0.352941176,1.753746174,0.405778656,5
11,E,transactivation_domain,FALSE,56,55,1,0.017857143,E,44,0.8,0.8,0.809827492,0.187376438,3
12,P,transactivation_domain,FALSE,56,55,1,0.017857143,P,43,0.781818182,0.781818182,1.016191133,0.235124488,4
13,P,transactivation_domain,FALSE,56,55,1,0.017857143,P,54,0.981818182,0.981818182,0.13110653,0.030335195,2
14,L,transactivation_domain,FALSE,56,55,1,0.017857143,L,55,1,1,0,0,1
15,S,transactivation_domain,FALSE,56,55,1,0.017857143,S,55,1,1,0,0,1
16,Q,transactivation_domain,FALSE,56,55,1,0.017857143,Q,54,0.981818182,0.981818182,0.13110653,0.030335195,2
17,E,transactivation_domain,FALSE,56,55,1,0.017857143,E,54,0.981818182,0.981818182,0.13110653,0.030335195,2
18,T,transactivation_domain,FALSE,56,56,0,0,T,54,0.964285714,0.964285714,0.222284831,0.051431867,2
19,F,transactivation_domain,FALSE,56,56,0,0,F,56,1,1,0,0,1
20,S,transactivation_domain,FALSE,56,56,0,0,S,55,0.982142857,0.982142857,0.129233775,0.02990188,2
21,D,transactivation_domain,FALSE,56,56,0,0,D,40,0.714285714,0.714285714,1.241537795,0.287264797,5
22,L,transactivation_domain,FALSE,56,56,0,0,L,54,0.964285714,0.964285714,0.257999116,0.059695375,3
23,W,transactivation_domain,FALSE,56,56,0,0,W,56,1,1,0,0,1
24,K,transactivation_domain,FALSE,56,56,0,0,K,31,0.553571429,0.553571429,1.400684654,0.324087912,4
25,L,transactivation_domain,FALSE,56,56,0,0,L,56,1,1,0,0,1
26,L,transactivation_domain,FALSE,56,56,0,0,L,52,0.928571429,0.928571429,0.371232327,0.085895072,2
27,P,transactivation_domain,FALSE,56,52,4,0.071428571,P,50,0.961538462,0.961538462,0.235193382,0.054418624,2
28,E,transactivation_domain,FALSE,56,52,4,0.071428571,E,38,0.730769231,0.730769231,1.396867151,0.323204625,6
29,N,transactivation_domain,FALSE,56,56,0,0,N,45,0.803571429,0.803571429,1.144258684,0.26475653,6
30,N,transactivation_domain,FALSE,56,56,0,0,N,46,0.821428571,0.821428571,0.977919601,0.22626929,5
31,V,transactivation_domain,FALSE,56,55,1,0.017857143,V,30,0.545454545,0.545454545,1.709330525,0.395501843,6
32,L,transactivation_domain,FALSE,56,55,1,0.017857143,L,53,0.963636364,0.963636364,0.261727275,0.060557989,3
33,S,transactivation_domain,FALSE,56,54,2,0.035714286,S,40,0.740740741,0.740740741,1.257162987,0.290880126,5
34,P,transactivation_domain,FALSE,56,53,3,0.053571429,S,20,0.377358491,0.358490566,1.984329708,0.459130662,6
35,L,transactivation_domain,FALSE,56,52,4,0.071428571,E,23,0.442307692,0.134615385,2.13299843,0.493529365,6
36,P,transactivation_domain,FALSE,56,52,4,0.071428571,L,37,0.711538462,0.134615385,1.500415507,0.347163459,7
37,S,transactivation_domain,FALSE,56,53,3,0.053571429,S,47,0.886792453,0.886792453,0.674702275,0.156111407,4
38,Q,transactivation_domain,FALSE,56,52,4,0.071428571,P,24,0.461538462,0.173076923,2.374806006,0.54947837,8
39,A,transactivation_domain,FALSE,56,53,3,0.053571429,A,30,0.566037736,0.566037736,1.816365092,0.420267309,7
40,M,transactivation_domain,FALSE,56,52,4,0.071428571,V,32,0.615384615,0.25,1.544560558,0.357377662,6
41,D,transactivation_domain,FALSE,56,55,1,0.017857143,D,40,0.727272727,0.727272727,1.371748654,0.317392753,6
42,D,transactivation_domain,FALSE,56,55,1,0.017857143,D,29,0.527272727,0.527272727,1.833665083,0.424270151,8
43,L,transactivation_domain,FALSE,56,54,2,0.035714286,L,46,0.851851852,0.851851852,0.864445836,0.200013933,5
44,M,transactivation_domain,FALSE,56,55,1,0.017857143,L,36,0.654545455,0.127272727,1.531018177,0.35424425,5
45,L,transactivation_domain,FALSE,56,53,3,0.053571429,L,41,0.773584906,0.773584906,1.26726914,0.293218469,6
46,S,transactivation_domain,FALSE,56,54,2,0.035714286,S,38,0.703703704,0.703703704,1.49236652,0.345301099,7
47,P,transactivation_domain,FALSE,56,55,1,0.017857143,P,28,0.509090909,0.509090909,2.051627662,0.474701943,7
48,D,transactivation_domain,FALSE,56,22,34,0.607142857,E,13,0.590909091,0.318181818,1.379558855,0.319199863,4
49,D,transactivation_domain,FALSE,56,55,1,0.017857143,D,40,0.727272727,0.727272727,1.469690872,0.340054448,7
50,I,transactivation_domain,FALSE,56,56,0,0,V,33,0.589285714,0.089285714,2.133674014,0.493685681,10
51,E,transactivation_domain,FALSE,56,56,0,0,A,22,0.392857143,0.142857143,2.288391548,0.529483947,8
52,Q,transactivation_domain,FALSE,56,56,0,0,N,32,0.571428571,0.125,2.056321772,0.475788057,8
53,W,transactivation_domain,FALSE,56,56,0,0,W,51,0.910714286,0.910714286,0.569967557,0.131878075,4
54,F,transactivation_domain,FALSE,56,56,0,0,L,46,0.821428571,0.142857143,0.805857601,0.186457892,3
55,T,transactivation_domain,FALSE,56,56,0,0,D,29,0.517857143,0.107142857,2.039133237,0.471811005,8
56,E,transactivation_domain,FALSE,56,56,0,0,E,35,0.625,0.625,1.902992046,0.440310899,8
57,D,transactivation_domain,FALSE,56,44,12,0.214285714,D,13,0.295454545,0.295454545,2.748086943,0.635847446,9
58,P,transactivation_domain,FALSE,56,7,49,0.875,P,7,1,1,0,0,1
59,G,transactivation_domain,FALSE,56,7,49,0.875,G,6,0.857142857,0.857142857,0.591672779,0.13690019,2
60,P,transactivation_domain,FALSE,56,56,0,0,P,36,0.642857143,0.642857143,1.669373841,0.386256736,6
61,D,transactivation_domain,FALSE,56,56,0,0,D,33,0.589285714,0.589285714,1.805736014,0.417807972,7
62,E,proline_rich_region,FALSE,56,56,0,0,E,44,0.785714286,0.785714286,0.972634989,0.225046546,4
63,A,proline_rich_region,FALSE,56,51,5,0.089285714,A,39,0.764705882,0.764705882,1.419767028,0.328503158,8
64,P,proline_rich_region,FALSE,56,52,4,0.071428571,P,30,0.576923077,0.576923077,2.001055539,0.463000655,8
65,R,proline_rich_region,FALSE,56,52,4,0.071428571,R,25,0.480769231,0.480769231,2.151081082,0.497713297,8
66,M,proline_rich_region,FALSE,56,52,4,0.071428571,M,36,0.692307692,0.692307692,1.298017884,0.300333059,5
67,P,proline_rich_region,FALSE,56,41,15,0.267857143,P,18,0.43902439,0.43902439,1.734490582,0.401323332,6
68,E,proline_rich_region,FALSE,56,40,16,0.285714286,E,20,0.5,0.5,1.639448951,0.379332769,4
69,A,proline_rich_region,FALSE,56,41,15,0.267857143,A,18,0.43902439,0.43902439,2.199578204,0.508934475,8
70,A,proline_rich_region,FALSE,56,37,19,0.339285714,P,26,0.702702703,0.216216216,1.203738969,0.278518972,4
71,P,proline_rich_region,FALSE,56,19,37,0.660714286,P,7,0.368421053,0.368421053,2.247084754,0.519926455,6
72,P,proline_rich_region,FALSE,56,18,38,0.678571429,P,12,0.666666667,0.666666667,1.134969975,0.262607325,3
73,V,proline_rich_region,FALSE,56,18,38,0.678571429,E,7,0.388888889,0.222222222,2.258459893,0.522558414,6
74,A,proline_rich_region,FALSE,56,18,38,0.678571429,A,11,0.611111111,0.611111111,1.791667484,0.414552821,6
75,P,proline_rich_region,FALSE,56,20,36,0.642857143,P,18,0.9,0.9,0.568995594,0.131653184,3
76,A,proline_rich_region,FALSE,56,36,20,0.357142857,A,24,0.666666667,0.666666667,1.359966238,0.314666558,4
77,P,proline_rich_region,FALSE,56,45,11,0.196428571,P,36,0.8,0.8,1.05347664,0.243751543,5
78,A,proline_rich_region,FALSE,56,45,11,0.196428571,A,32,0.711111111,0.711111111,1.456083308,0.336905954,6
79,A,proline_rich_region,FALSE,56,51,5,0.089285714,A,33,0.647058824,0.647058824,1.425940591,0.329931586,6
80,P,proline_rich_region,FALSE,56,56,0,0,P,51,0.910714286,0.910714286,0.556487423,0.128759066,4
81,T,proline_rich_region,FALSE,56,56,0,0,A,29,0.517857143,0.267857143,2.039594515,0.471917734,9
82,P,proline_rich_region,FALSE,56,56,0,0,P,42,0.75,0.75,1.307585158,0.302546718,6
83,A,proline_rich_region,FALSE,56,56,0,0,A,34,0.607142857,0.607142857,1.628903375,0.376892752,5
84,A,proline_rich_region,FALSE,56,56,0,0,A,41,0.732142857,0.732142857,1.391084982,0.321866757,7
85,P,proline_rich_region,FALSE,56,56,0,0,P,47,0.839285714,0.839285714,0.783598877,0.181307708,3
86,A,proline_rich_region,FALSE,56,56,0,0,A,41,0.732142857,0.732142857,1.364871928,0.315801628,6
87,P,proline_rich_region,FALSE,56,56,0,0,P,55,0.982142857,0.982142857,0.129233775,0.02990188,2
88,A,proline_rich_region,FALSE,56,55,1,0.017857143,A,48,0.872727273,0.872727273,0.72539244,0.167840007,4
89,P,proline_rich_region,FALSE,56,55,1,0.017857143,T,33,0.6,0.2,1.706298,0.394800182,6
90,S,proline_rich_region,FALSE,56,56,0,0,S,44,0.785714286,0.785714286,1.081973437,0.25034508,5
91,W,proline_rich_region,FALSE,56,56,0,0,W,52,0.928571429,0.928571429,0.371232327,0.085895072,2
92,P,proline_rich_region,FALSE,56,56,0,0,P,51,0.910714286,0.910714286,0.43408112,0.100436914,2
93,L,proline_rich_region,FALSE,56,56,0,0,L,52,0.928571429,0.928571429,0.371232327,0.085895072,2
94,S,proline_rich_region,FALSE,56,56,0,0,S,55,0.982142857,0.982142857,0.129233775,0.02990188,2
95,S,interdomain_or_unannotated,FALSE,56,56,0,0,S,55,0.982142857,0.982142857,0.129233775,0.02990188,2
96,S,interdomain_or_unannotated,FALSE,56,56,0,0,F,26,0.464285714,0.446428571,1.344542817,0.311097914,3
97,V,interdomain_or_unannotated,FALSE,56,56,0,0,V,56,1,1,0,0,1
98,P,interdomain_or_unannotated,FALSE,56,56,0,0,P,56,1,1,0,0,1
99,S,interdomain_or_unannotated,FALSE,56,56,0,0,S,55,0.982142857,0.982142857,0.129233775,0.02990188,2
100,Q,interdomain_or_unannotated,FALSE,56,56,0,0,Q,44,0.785714286,0.785714286,1.095453571,0.25346409,5
101,K,interdomain_or_unannotated,FALSE,56,56,0,0,K,52,0.928571429,0.928571429,0.429180764,0.099303078,3
102,T,DNA_binding_domain,FALSE,56,56,0,0,T,48,0.857142857,0.857142857,0.877387064,0.203008251,6
103,Y,DNA_binding_domain,FALSE,56,56,0,0,Y,56,1,1,0,0,1
104,Q,DNA_binding_domain,FALSE,56,56,0,0,P,40,0.714285714,0.160714286,1.289210471,0.298295215,5
105,G,DNA_binding_domain,FALSE,56,56,0,0,G,56,1,1,0,0,1
106,S,DNA_binding_domain,FALSE,56,56,0,0,S,20,0.357142857,0.357142857,2.520281375,0.583138201,8
107,Y,DNA_binding_domain,FALSE,56,56,0,0,Y,56,1,1,0,0,1
108,G,DNA_binding_domain,FALSE,56,56,0,0,G,51,0.910714286,0.910714286,0.556487423,0.128759066,4
109,F,DNA_binding_domain,FALSE,56,56,0,0,F,56,1,1,0,0,1
110,R,DNA_binding_domain,FALSE,56,56,0,0,R,47,0.839285714,0.839285714,0.794548485,0.183841209,4
111,L,DNA_binding_domain,FALSE,56,56,0,0,L,55,0.982142857,0.982142857,0.129233775,0.02990188,2
112,G,DNA_binding_domain,FALSE,56,56,0,0,G,54,0.964285714,0.964285714,0.257999116,0.059695375,3
113,F,DNA_binding_domain,FALSE,56,56,0,0,F,56,1,1,0,0,1
114,L,DNA_binding_domain,FALSE,56,56,0,0,L,55,0.982142857,0.982142857,0.129233775,0.02990188,2
115,H,DNA_binding_domain,FALSE,56,56,0,0,H,33,0.589285714,0.589285714,1.58910123,0.367683403,5
116,S,DNA_binding_domain,FALSE,56,56,0,0,S,56,1,1,0,0,1
117,G,DNA_binding_domain,FALSE,56,56,0,0,G,56,1,1,0,0,1
118,T,DNA_binding_domain,FALSE,56,56,0,0,T,56,1,1,0,0,1
119,A,DNA_binding_domain,FALSE,56,56,0,0,A,56,1,1,0,0,1
120,K,DNA_binding_domain,FALSE,56,56,0,0,K,56,1,1,0,0,1
121,S,DNA_binding_domain,FALSE,56,56,0,0,S,56,1,1,0,0,1
122,V,DNA_binding_domain,FALSE,56,56,0,0,V,56,1,1,0,0,1
123,T,DNA_binding_domain,FALSE,56,56,0,0,T,54,0.964285714,0.964285714,0.222284831,0.051431867,2
124,C,DNA_binding_domain,FALSE,56,56,0,0,C,54,0.964285714,0.964285714,0.222284831,0.051431867,2
125,T,DNA_binding_domain,FALSE,56,56,0,0,T,56,1,1,0,0,1
126,Y,DNA_binding_domain,FALSE,56,56,0,0,Y,56,1,1,0,0,1
127,S,DNA_binding_domain,FALSE,56,56,0,0,S,56,1,1,0,0,1
128,P,DNA_binding_domain,FALSE,56,56,0,0,P,54,0.964285714,0.964285714,0.257999116,0.059695375,3
129,A,DNA_binding_domain,FALSE,56,56,0,0,S,12,0.214285714,0.196428571,3.043714167,0.704249145,12
130,L,DNA_binding_domain,FALSE,56,56,0,0,L,56,1,1,0,0,1
131,N,DNA_binding_domain,FALSE,56,56,0,0,N,56,1,1,0,0,1
132,K,DNA_binding_domain,FALSE,56,56,0,0,K,56,1,1,0,0,1
133,M,DNA_binding_domain,FALSE,56,56,0,0,L,48,0.857142857,0.142857143,0.591672779,0.13690019,2
134,F,DNA_binding_domain,FALSE,56,56,0,0,F,56,1,1,0,0,1
135,C,DNA_binding_domain,FALSE,56,56,0,0,C,56,1,1,0,0,1
136,Q,DNA_binding_domain,FALSE,56,56,0,0,Q,56,1,1,0,0,1
137,L,DNA_binding_domain,FALSE,56,56,0,0,L,54,0.964285714,0.964285714,0.222284831,0.051431867,2
138,A,DNA_binding_domain,FALSE,56,56,0,0,A,55,0.982142857,0.982142857,0.129233775,0.02990188,2
139,K,DNA_binding_domain,FALSE,56,56,0,0,K,56,1,1,0,0,1
140,T,DNA_binding_domain,FALSE,56,56,0,0,T,56,1,1,0,0,1
141,C,DNA_binding_domain,FALSE,56,56,0,0,C,56,1,1,0,0,1
142,P,DNA_binding_domain,FALSE,56,56,0,0,P,56,1,1,0,0,1
143,V,DNA_binding_domain,FALSE,56,56,0,0,V,56,1,1,0,0,1
144,Q,DNA_binding_domain,FALSE,56,56,0,0,Q,56,1,1,0,0,1
145,L,DNA_binding_domain,FALSE,56,56,0,0,L,54,0.964285714,0.964285714,0.222284831,0.051431867,2
146,W,DNA_binding_domain,FALSE,56,56,0,0,W,52,0.928571429,0.928571429,0.429180764,0.099303078,3
147,V,DNA_binding_domain,FALSE,56,56,0,0,V,56,1,1,0,0,1
148,D,DNA_binding_domain,FALSE,56,56,0,0,S,21,0.375,0.267857143,2.304765748,0.533272581,7
149,S,DNA_binding_domain,FALSE,56,56,0,0,S,55,0.982142857,0.982142857,0.129233775,0.02990188,2
150,T,DNA_binding_domain,FALSE,56,56,0,0,P,38,0.678571429,0.285714286,1.067689824,0.247040164,3
151,P,DNA_binding_domain,FALSE,56,56,0,0,P,56,1,1,0,0,1
152,P,DNA_binding_domain,FALSE,56,56,0,0,P,56,1,1,0,0,1
153,P,DNA_binding_domain,FALSE,56,56,0,0,P,41,0.732142857,0.732142857,1.465044079,0.338979281,8
154,G,DNA_binding_domain,FALSE,56,56,0,0,G,48,0.857142857,0.857142857,0.792478359,0.183362227,4
155,T,DNA_binding_domain,FALSE,56,56,0,0,T,42,0.75,0.75,1.057585158,0.244702164,3
156,R,DNA_binding_domain,FALSE,56,56,0,0,R,47,0.839285714,0.839285714,0.716896422,0.165874213,3
157,V,DNA_binding_domain,FALSE,56,56,0,0,V,55,0.982142857,0.982142857,0.129233775,0.02990188,2
158,R,DNA_binding_domain,FALSE,56,56,0,0,R,56,1,1,0,0,1
159,A,DNA_binding_domain,FALSE,56,56,0,0,A,53,0.946428571,0.946428571,0.301378644,0.069732452,2
160,M,DNA_binding_domain,FALSE,56,56,0,0,M,55,0.982142857,0.982142857,0.129233775,0.02990188,2
161,A,DNA_binding_domain,FALSE,56,56,0,0,A,56,1,1,0,0,1
162,I,DNA_binding_domain,FALSE,56,56,0,0,I,55,0.982142857,0.982142857,0.129233775,0.02990188,2
163,Y,DNA_binding_domain,FALSE,56,56,0,0,Y,56,1,1,0,0,1
164,K,DNA_binding_domain,FALSE,56,56,0,0,K,56,1,1,0,0,1
165,Q,DNA_binding_domain,FALSE,56,56,0,0,K,48,0.857142857,0.142857143,0.591672779,0.13690019,2
166,S,DNA_binding_domain,FALSE,56,56,0,0,S,52,0.928571429,0.928571429,0.371232327,0.085895072,2
167,Q,DNA_binding_domain,FALSE,56,56,0,0,E,38,0.678571429,0.321428571,0.905928216,0.209612052,2
168,H,DNA_binding_domain,FALSE,56,56,0,0,H,32,0.571428571,0.571428571,1.411650205,0.326625102,3
169,M,DNA_binding_domain,FALSE,56,56,0,0,M,49,0.875,0.875,0.543564443,0.12576897,2
170,T,DNA_binding_domain,FALSE,56,56,0,0,T,56,1,1,0,0,1
171,E,DNA_binding_domain,FALSE,56,56,0,0,E,56,1,1,0,0,1
172,V,DNA_binding_domain,FALSE,56,56,0,0,V,55,0.982142857,0.982142857,0.129233775,0.02990188,2
173,V,DNA_binding_domain,FALSE,56,56,0,0,V,56,1,1,0,0,1
174,R,DNA_binding_domain,FALSE,56,56,0,0,R,48,0.857142857,0.857142857,0.591672779,0.13690019,2
175,R,DNA_binding_domain,TRUE,56,56,0,0,R,56,1,1,0,0,1
176,C,DNA_binding_domain,FALSE,56,56,0,0,C,55,0.982142857,0.982142857,0.129233775,0.02990188,2
177,P,DNA_binding_domain,FALSE,56,56,0,0,P,56,1,1,0,0,1
178,H,DNA_binding_domain,FALSE,56,56,0,0,H,56,1,1,0,0,1
179,H,DNA_binding_domain,FALSE,56,56,0,0,H,56,1,1,0,0,1
180,E,DNA_binding_domain,FALSE,56,56,0,0,E,56,1,1,0,0,1
181,R,DNA_binding_domain,FALSE,56,56,0,0,R,55,0.982142857,0.982142857,0.129233775,0.02990188,2
182,C,DNA_binding_domain,FALSE,56,55,1,0.017857143,C,48,0.872727273,0.872727273,0.549910905,0.127237403,2
183,S,DNA_binding_domain,FALSE,56,55,1,0.017857143,S,47,0.854545455,0.854545455,0.78726305,0.182155518,4
184,D,DNA_binding_domain,FALSE,56,55,1,0.017857143,D,49,0.890909091,0.890909091,0.568079298,0.131441173,3
185,S,DNA_binding_domain,FALSE,56,56,0,0,S,43,0.767857143,0.767857143,1.219158048,0.282086611,5
186,D,DNA_binding_domain,FALSE,56,56,0,0,D,56,1,1,0,0,1
187,G,DNA_binding_domain,FALSE,56,56,0,0,G,51,0.910714286,0.910714286,0.556487423,0.128759066,4
188,L,DNA_binding_domain,FALSE,56,56,0,0,L,55,0.982142857,0.982142857,0.129233775,0.02990188,2
189,A,DNA_binding_domain,FALSE,56,56,0,0,A,56,1,1,0,0,1
190,P,DNA_binding_domain,FALSE,56,56,0,0,P,56,1,1,0,0,1
191,P,DNA_binding_domain,FALSE,56,56,0,0,P,55,0.982142857,0.982142857,0.129233775,0.02990188,2
192,Q,DNA_binding_domain,FALSE,56,56,0,0,Q,54,0.964285714,0.964285714,0.257999116,0.059695375,3
193,H,DNA_binding_domain,FALSE,56,56,0,0,H,56,1,1,0,0,1
194,L,DNA_binding_domain,FALSE,56,56,0,0,L,56,1,1,0,0,1
195,I,DNA_binding_domain,FALSE,56,56,0,0,I,56,1,1,0,0,1
196,R,DNA_binding_domain,FALSE,56,56,0,0,R,55,0.982142857,0.982142857,0.129233775,0.02990188,2
197,V,DNA_binding_domain,FALSE,56,56,0,0,V,56,1,1,0,0,1
198,E,DNA_binding_domain,FALSE,56,56,0,0,E,56,1,1,0,0,1
199,G,DNA_binding_domain,FALSE,56,56,0,0,G,55,0.982142857,0.982142857,0.129233775,0.02990188,2
200,N,DNA_binding_domain,FALSE,56,56,0,0,N,56,1,1,0,0,1
201,L,DNA_binding_domain,FALSE,56,56,0,0,L,53,0.946428571,0.946428571,0.386287349,0.089378477,4
202,R,DNA_binding_domain,FALSE,56,56,0,0,R,43,0.767857143,0.767857143,1.01184304,0.234118435,4
203,V,DNA_binding_domain,FALSE,56,56,0,0,A,47,0.839285714,0.142857143,0.716896422,0.165874213,3
204,E,DNA_binding_domain,FALSE,56,56,0,0,E,43,0.767857143,0.767857143,0.925513275,0.214143608,3
205,Y,DNA_binding_domain,FALSE,56,56,0,0,Y,56,1,1,0,0,1
206,L,DNA_binding_domain,FALSE,56,56,0,0,L,50,0.892857143,0.892857143,0.661054753,0.152953667,4
207,D,DNA_binding_domain,FALSE,56,56,0,0,D,44,0.785714286,0.785714286,1.120218248,0.259194097,5
208,D,DNA_binding_domain,FALSE,56,56,0,0,D,56,1,1,0,0,1
209,R,DNA_binding_domain,FALSE,56,56,0,0,R,37,0.660714286,0.660714286,1.847188412,0.427399154,9
210,N,DNA_binding_domain,FALSE,56,56,0,0,N,38,0.678571429,0.678571429,1.647872413,0.381281774,7
211,T,DNA_binding_domain,FALSE,56,56,0,0,T,55,0.982142857,0.982142857,0.129233775,0.02990188,2
212,F,DNA_binding_domain,FALSE,56,56,0,0,F,47,0.839285714,0.839285714,0.931182136,0.215455259,5
213,R,DNA_binding_domain,FALSE,56,56,0,0,R,56,1,1,0,0,1
214,H,DNA_binding_domain,FALSE,56,56,0,0,H,51,0.910714286,0.910714286,0.43408112,0.100436914,2
215,S,DNA_binding_domain,FALSE,56,56,0,0,S,56,1,1,0,0,1
216,V,DNA_binding_domain,FALSE,56,56,0,0,V,56,1,1,0,0,1
217,V,DNA_binding_domain,FALSE,56,56,0,0,V,52,0.928571429,0.928571429,0.371232327,0.085895072,2
218,V,DNA_binding_domain,FALSE,56,56,0,0,V,54,0.964285714,0.964285714,0.222284831,0.051431867,2
219,P,DNA_binding_domain,FALSE,56,56,0,0,P,56,1,1,0,0,1
220,Y,DNA_binding_domain,FALSE,56,56,0,0,Y,56,1,1,0,0,1
221,E,DNA_binding_domain,FALSE,56,56,0,0,E,55,0.982142857,0.982142857,0.129233775,0.02990188,2
222,P,DNA_binding_domain,FALSE,56,56,0,0,P,45,0.803571429,0.803571429,1.032389711,0.238872487,5
223,P,DNA_binding_domain,FALSE,56,56,0,0,P,56,1,1,0,0,1
224,E,DNA_binding_domain,FALSE,56,56,0,0,E,55,0.982142857,0.982142857,0.129233775,0.02990188,2
225,V,DNA_binding_domain,FALSE,56,56,0,0,V,51,0.910714286,0.910714286,0.556487423,0.128759066,4
226,G,DNA_binding_domain,FALSE,56,56,0,0,G,52,0.928571429,0.928571429,0.442660898,0.102422088,3
227,S,DNA_binding_domain,FALSE,56,56,0,0,S,51,0.910714286,0.910714286,0.498538986,0.11535106,3
228,D,DNA_binding_domain,FALSE,56,56,0,0,D,49,0.875,0.875,0.543564443,0.12576897,2
229,C,DNA_binding_domain,FALSE,56,56,0,0,C,48,0.857142857,0.857142857,0.591672779,0.13690019,2
230,T,DNA_binding_domain,FALSE,56,56,0,0,T,55,0.982142857,0.982142857,0.129233775,0.02990188,2
231,T,DNA_binding_domain,FALSE,56,56,0,0,T,56,1,1,0,0,1
232,I,DNA_binding_domain,FALSE,56,56,0,0,I,51,0.910714286,0.910714286,0.43408112,0.100436914,2
233,H,DNA_binding_domain,FALSE,56,56,0,0,H,56,1,1,0,0,1
234,Y,DNA_binding_domain,FALSE,56,56,0,0,Y,53,0.946428571,0.946428571,0.301378644,0.069732452,2
235,N,DNA_binding_domain,FALSE,56,56,0,0,N,54,0.964285714,0.964285714,0.222284831,0.051431867,2
236,Y,DNA_binding_domain,FALSE,56,56,0,0,Y,29,0.517857143,0.517857143,0.999079718,0.23116528,2
237,M,DNA_binding_domain,FALSE,56,56,0,0,M,56,1,1,0,0,1
238,C,DNA_binding_domain,FALSE,56,56,0,0,C,56,1,1,0,0,1
239,N,DNA_binding_domain,FALSE,56,56,0,0,N,56,1,1,0,0,1
240,S,DNA_binding_domain,FALSE,56,56,0,0,S,56,1,1,0,0,1
241,S,DNA_binding_domain,FALSE,56,56,0,0,S,56,1,1,0,0,1
242,C,DNA_binding_domain,FALSE,56,56,0,0,C,56,1,1,0,0,1
243,M,DNA_binding_domain,FALSE,56,56,0,0,M,56,1,1,0,0,1
244,G,DNA_binding_domain,FALSE,56,56,0,0,G,56,1,1,0,0,1
245,G,DNA_binding_domain,TRUE,56,56,0,0,G,56,1,1,0,0,1
246,M,DNA_binding_domain,FALSE,56,56,0,0,M,56,1,1,0,0,1
247,N,DNA_binding_domain,FALSE,56,56,0,0,N,56,1,1,0,0,1
248,R,DNA_binding_domain,TRUE,56,56,0,0,R,56,1,1,0,0,1
249,R,DNA_binding_domain,TRUE,56,56,0,0,R,56,1,1,0,0,1
250,P,DNA_binding_domain,FALSE,56,56,0,0,P,56,1,1,0,0,1
251,I,DNA_binding_domain,FALSE,56,56,0,0,I,56,1,1,0,0,1
252,L,DNA_binding_domain,FALSE,56,56,0,0,L,50,0.892857143,0.892857143,0.589626181,0.136426652,3
253,T,DNA_binding_domain,FALSE,56,56,0,0,T,56,1,1,0,0,1
254,I,DNA_binding_domain,FALSE,56,56,0,0,I,56,1,1,0,0,1
255,I,DNA_binding_domain,FALSE,56,56,0,0,I,56,1,1,0,0,1
256,T,DNA_binding_domain,FALSE,56,56,0,0,T,56,1,1,0,0,1
257,L,DNA_binding_domain,FALSE,56,56,0,0,L,56,1,1,0,0,1
258,E,DNA_binding_domain,FALSE,56,56,0,0,E,56,1,1,0,0,1
259,D,DNA_binding_domain,FALSE,56,56,0,0,D,56,1,1,0,0,1
260,S,DNA_binding_domain,FALSE,56,56,0,0,S,51,0.910714286,0.910714286,0.520773137,0.120495558,3
261,S,DNA_binding_domain,FALSE,56,56,0,0,S,40,0.714285714,0.714285714,1.327867561,0.307239623,6
262,G,DNA_binding_domain,FALSE,56,56,0,0,G,56,1,1,0,0,1
263,N,DNA_binding_domain,FALSE,56,56,0,0,N,45,0.803571429,0.803571429,1.072830113,0.248229514,5
264,L,DNA_binding_domain,FALSE,56,56,0,0,L,48,0.857142857,0.857142857,0.591672779,0.13690019,2
265,L,DNA_binding_domain,FALSE,56,56,0,0,L,56,1,1,0,0,1
266,G,DNA_binding_domain,FALSE,56,56,0,0,G,56,1,1,0,0,1
267,R,DNA_binding_domain,FALSE,56,56,0,0,R,56,1,1,0,0,1
268,N,DNA_binding_domain,FALSE,56,56,0,0,N,39,0.696428571,0.696428571,1.43485952,0.331995232,5
269,S,DNA_binding_domain,FALSE,56,56,0,0,S,54,0.964285714,0.964285714,0.257999116,0.059695375,3
270,F,DNA_binding_domain,FALSE,56,56,0,0,F,56,1,1,0,0,1
271,E,DNA_binding_domain,FALSE,56,56,0,0,E,56,1,1,0,0,1
272,V,DNA_binding_domain,FALSE,56,56,0,0,V,56,1,1,0,0,1
273,R,DNA_binding_domain,TRUE,56,56,0,0,R,56,1,1,0,0,1
274,V,DNA_binding_domain,FALSE,56,56,0,0,V,49,0.875,0.875,0.543564443,0.12576897,2
275,C,DNA_binding_domain,FALSE,56,56,0,0,C,56,1,1,0,0,1
276,A,DNA_binding_domain,FALSE,56,56,0,0,A,56,1,1,0,0,1
277,C,DNA_binding_domain,FALSE,56,56,0,0,C,56,1,1,0,0,1
278,P,DNA_binding_domain,FALSE,56,56,0,0,P,56,1,1,0,0,1
279,G,DNA_binding_domain,FALSE,56,56,0,0,G,56,1,1,0,0,1
280,R,DNA_binding_domain,FALSE,56,56,0,0,R,56,1,1,0,0,1
281,D,DNA_binding_domain,FALSE,56,56,0,0,D,56,1,1,0,0,1
282,R,DNA_binding_domain,TRUE,56,56,0,0,R,56,1,1,0,0,1
283,R,DNA_binding_domain,FALSE,56,56,0,0,R,56,1,1,0,0,1
284,T,DNA_binding_domain,FALSE,56,56,0,0,T,55,0.982142857,0.982142857,0.129233775,0.02990188,2
285,E,DNA_binding_domain,FALSE,56,56,0,0,E,56,1,1,0,0,1
286,E,DNA_binding_domain,FALSE,56,56,0,0,E,56,1,1,0,0,1
287,E,DNA_binding_domain,FALSE,56,56,0,0,E,52,0.928571429,0.928571429,0.429180764,0.099303078,3
288,N,DNA_binding_domain,FALSE,56,56,0,0,N,56,1,1,0,0,1
289,L,DNA_binding_domain,FALSE,56,56,0,0,F,51,0.910714286,0.089285714,0.43408112,0.100436914,2
290,R,DNA_binding_domain,FALSE,56,56,0,0,R,41,0.732142857,0.732142857,1.080940954,0.250106187,4
291,K,DNA_binding_domain,FALSE,56,56,0,0,K,54,0.964285714,0.964285714,0.257999116,0.059695375,3
292,K,DNA_binding_domain,FALSE,56,56,0,0,K,55,0.982142857,0.982142857,0.129233775,0.02990188,2
293,G,interdomain_or_unannotated,FALSE,56,56,0,0,G,49,0.875,0.875,0.617523541,0.142881493,3
294,E,interdomain_or_unannotated,FALSE,56,56,0,0,E,36,0.642857143,0.642857143,1.438665189,0.332875781,5
295,P,interdomain_or_unannotated,FALSE,56,56,0,0,P,34,0.607142857,0.607142857,1.493478216,0.345558321,5
296,H,interdomain_or_unannotated,FALSE,56,56,0,0,C,41,0.732142857,0.071428571,1.414066348,0.327184145,6
297,H,interdomain_or_unannotated,FALSE,56,55,1,0.017857143,P,47,0.854545455,0.109090909,0.752715149,0.174161886,4
298,E,interdomain_or_unannotated,FALSE,56,55,1,0.017857143,E,41,0.745454545,0.745454545,1.187192764,0.274690541,4
299,L,interdomain_or_unannotated,FALSE,56,55,1,0.017857143,P,31,0.563636364,0.327272727,1.478837247,0.34217072,5
300,P,interdomain_or_unannotated,FALSE,56,55,1,0.017857143,P,50,0.909090909,0.909090909,0.527765223,0.122113374,3
301,P,interdomain_or_unannotated,FALSE,56,55,1,0.017857143,P,44,0.8,0.8,1.009002373,0.233461166,4
302,G,interdomain_or_unannotated,FALSE,56,56,0,0,G,47,0.839285714,0.839285714,0.859753564,0.198928243,4
303,S,interdomain_or_unannotated,FALSE,56,56,0,0,S,54,0.964285714,0.964285714,0.257999116,0.059695375,3
304,T,interdomain_or_unannotated,FALSE,56,56,0,0,T,37,0.660714286,0.660714286,1.508713083,0.349083337,5
305,K,interdomain_or_unannotated,FALSE,56,56,0,0,K,56,1,1,0,0,1
306,R,interdomain_or_unannotated,FALSE,56,56,0,0,R,56,1,1,0,0,1
307,A,interdomain_or_unannotated,FALSE,56,56,0,0,A,50,0.892857143,0.892857143,0.560882601,0.129776014,3
308,L,interdomain_or_unannotated,FALSE,56,56,0,0,L,55,0.982142857,0.982142857,0.129233775,0.02990188,2
309,P,interdomain_or_unannotated,FALSE,56,56,0,0,P,52,0.928571429,0.928571429,0.429180764,0.099303078,3
310,N,interdomain_or_unannotated,FALSE,56,55,1,0.017857143,T,34,0.618181818,0.127272727,1.614913421,0.373655782,5
311,N,interdomain_or_unannotated,FALSE,56,55,1,0.017857143,S,21,0.381818182,0.345454545,2.036471738,0.471195192,6
312,T,interdomain_or_unannotated,FALSE,56,56,0,0,T,50,0.892857143,0.892857143,0.589626181,0.136426652,3
313,S,interdomain_or_unannotated,FALSE,56,55,1,0.017857143,S,45,0.818181818,0.818181818,1.033479907,0.239124734,5
314,S,interdomain_or_unannotated,FALSE,56,56,0,0,S,52,0.928571429,0.928571429,0.478375184,0.110685595,4
315,S,interdomain_or_unannotated,FALSE,56,56,0,0,S,49,0.875,0.875,0.617523541,0.142881493,3
316,P,interdomain_or_unannotated,FALSE,56,55,1,0.017857143,P,49,0.890909091,0.890909091,0.597345489,0.138212732,3
317,Q,interdomain_or_unannotated,FALSE,56,53,3,0.053571429,P,24,0.452830189,0.433962264,1.537712436,0.355793156,5
318,P,interdomain_or_unannotated,FALSE,56,56,0,0,Q,25,0.446428571,0.410714286,1.719976043,0.397964983,6
319,K,interdomain_or_unannotated,FALSE,56,55,1,0.017857143,K,50,0.909090909,0.909090909,0.439496987,0.101690028,2
320,K,interdomain_or_unannotated,FALSE,56,56,0,0,K,56,1,1,0,0,1
321,K,interdomain_or_unannotated,FALSE,56,56,0,0,K,53,0.946428571,0.946428571,0.301378644,0.069732452,2
322,P,interdomain_or_unannotated,FALSE,56,56,0,0,P,51,0.910714286,0.910714286,0.498538986,0.11535106,3
323,L,interdomain_or_unannotated,FALSE,56,56,0,0,L,47,0.839285714,0.839285714,0.902438556,0.208804621,5
324,D,interdomain_or_unannotated,FALSE,56,56,0,0,D,54,0.964285714,0.964285714,0.257999116,0.059695375,3
325,G,oligomerization_domain,FALSE,56,56,0,0,G,47,0.839285714,0.839285714,0.716896422,0.165874213,3
326,E,oligomerization_domain,FALSE,56,56,0,0,E,56,1,1,0,0,1
327,Y,oligomerization_domain,FALSE,56,56,0,0,Y,56,1,1,0,0,1
328,F,oligomerization_domain,FALSE,56,56,0,0,F,56,1,1,0,0,1
329,T,oligomerization_domain,FALSE,56,56,0,0,T,55,0.982142857,0.982142857,0.129233775,0.02990188,2
330,L,oligomerization_domain,FALSE,56,56,0,0,L,56,1,1,0,0,1
331,Q,oligomerization_domain,FALSE,56,56,0,0,Q,46,0.821428571,0.821428571,0.67694187,0.1566296,2
332,I,oligomerization_domain,FALSE,56,56,0,0,I,55,0.982142857,0.982142857,0.129233775,0.02990188,2
333,R,oligomerization_domain,FALSE,56,56,0,0,R,54,0.964285714,0.964285714,0.257999116,0.059695375,3
334,G,oligomerization_domain,FALSE,56,56,0,0,G,55,0.982142857,0.982142857,0.129233775,0.02990188,2
335,R,oligomerization_domain,FALSE,56,56,0,0,R,52,0.928571429,0.928571429,0.514089469,0.118949103,5
336,E,oligomerization_domain,FALSE,56,56,0,0,E,41,0.732142857,0.732142857,1.364124714,0.315628739,6
337,R,oligomerization_domain,FALSE,56,56,0,0,R,52,0.928571429,0.928571429,0.429180764,0.099303078,3
338,F,oligomerization_domain,FALSE,56,56,0,0,F,46,0.821428571,0.821428571,0.760691083,0.176007344,3
339,E,oligomerization_domain,FALSE,56,56,0,0,E,46,0.821428571,0.821428571,0.919971164,0.212861284,4
340,M,oligomerization_domain,FALSE,56,56,0,0,M,48,0.857142857,0.857142857,0.899621216,0.208152749,6
341,F,oligomerization_domain,FALSE,56,56,0,0,F,49,0.875,0.875,0.617523541,0.142881493,3
342,R,oligomerization_domain,FALSE,56,56,0,0,R,49,0.875,0.875,0.773860817,0.179054533,5
343,E,oligomerization_domain,FALSE,56,56,0,0,E,49,0.875,0.875,0.858769523,0.198700558,7
344,L,oligomerization_domain,FALSE,56,56,0,0,L,52,0.928571429,0.928571429,0.371232327,0.085895072,2
345,N,oligomerization_domain,FALSE,56,56,0,0,N,54,0.964285714,0.964285714,0.257999116,0.059695375,3
346,E,oligomerization_domain,FALSE,56,56,0,0,E,53,0.946428571,0.946428571,0.350573063,0.081114969,3
347,A,oligomerization_domain,FALSE,56,56,0,0,A,56,1,1,0,0,1
348,L,oligomerization_domain,FALSE,56,55,1,0.017857143,L,55,1,1,0,0,1
349,E,oligomerization_domain,FALSE,56,55,1,0.017857143,E,55,1,1,0,0,1
350,L,oligomerization_domain,FALSE,56,55,1,0.017857143,L,52,0.945454545,0.945454545,0.305400571,0.070663038,2
351,K,oligomerization_domain,FALSE,56,55,1,0.017857143,K,52,0.945454545,0.945454545,0.355489435,0.08225251,3
352,D,oligomerization_domain,FALSE,56,55,1,0.017857143,D,53,0.963636364,0.963636364,0.225363639,0.052144236,2
353,A,oligomerization_domain,FALSE,56,55,1,0.017857143,A,54,0.981818182,0.981818182,0.13110653,0.030335195,2
354,Q,oligomerization_domain,FALSE,56,55,1,0.017857143,Q,41,0.745454545,0.745454545,1.148252593,0.265680633,4
355,A,oligomerization_domain,FALSE,56,55,1,0.017857143,A,33,0.6,0.6,1.669173564,0.386210397,6
356,G,oligomerization_domain,FALSE,56,56,0,0,G,44,0.785714286,0.785714286,1.155932534,0.267457604,6
357,K,C_terminal_regulatory_region,FALSE,56,56,0,0,K,48,0.857142857,0.857142857,0.777214913,0.179830598,4
358,E,C_terminal_regulatory_region,FALSE,56,56,0,0,E,50,0.892857143,0.892857143,0.589626181,0.136426652,3
359,P,C_terminal_regulatory_region,FALSE,56,55,1,0.017857143,P,48,0.872727273,0.872727273,0.625214713,0.144661063,3
360,G,C_terminal_regulatory_region,FALSE,56,55,1,0.017857143,G,40,0.727272727,0.727272727,1.234152355,0.285555967,5
361,G,C_terminal_regulatory_region,FALSE,56,55,1,0.017857143,G,34,0.618181818,0.618181818,1.327291775,0.307106399,4
362,S,C_terminal_regulatory_region,FALSE,56,56,0,0,S,50,0.892857143,0.892857143,0.560882601,0.129776014,3
363,R,C_terminal_regulatory_region,FALSE,56,56,0,0,R,44,0.785714286,0.785714286,1.081973437,0.25034508,5
364,A,C_terminal_regulatory_region,FALSE,56,56,0,0,A,43,0.767857143,0.767857143,1.176473057,0.272210234,6
365,H,C_terminal_regulatory_region,FALSE,56,56,0,0,H,55,0.982142857,0.982142857,0.129233775,0.02990188,2
366,S,C_terminal_regulatory_region,FALSE,56,55,1,0.017857143,S,49,0.890909091,0.890909091,0.692711171,0.160278273,5
367,S,C_terminal_regulatory_region,FALSE,56,55,1,0.017857143,S,53,0.963636364,0.963636364,0.261727275,0.060557989,3
368,H,C_terminal_regulatory_region,FALSE,56,53,3,0.053571429,H,37,0.698113208,0.698113208,1.336415275,0.309217378,4
369,L,C_terminal_regulatory_region,FALSE,56,55,1,0.017857143,L,50,0.909090909,0.909090909,0.577854086,0.133702846,4
370,K,C_terminal_regulatory_region,FALSE,56,55,1,0.017857143,K,53,0.963636364,0.963636364,0.225363639,0.052144236,2
371,S,C_terminal_regulatory_region,FALSE,56,55,1,0.017857143,S,42,0.763636364,0.763636364,0.973150619,0.225165851,3
372,K,C_terminal_regulatory_region,FALSE,56,55,1,0.017857143,K,51,0.927272727,0.927272727,0.48511076,0.112244061,4
373,K,C_terminal_regulatory_region,FALSE,56,55,1,0.017857143,K,50,0.909090909,0.909090909,0.614217723,0.142116599,5
374,G,C_terminal_regulatory_region,FALSE,56,55,1,0.017857143,G,51,0.927272727,0.927272727,0.48511076,0.112244061,4
375,Q,C_terminal_regulatory_region,FALSE,56,55,1,0.017857143,Q,45,0.818181818,0.818181818,0.997116271,0.230710981,5
376,S,C_terminal_regulatory_region,FALSE,56,53,3,0.053571429,S,50,0.943396226,0.943396226,0.403527823,0.093367547,4
377,T,C_terminal_regulatory_region,FALSE,56,53,3,0.053571429,T,38,0.716981132,0.716981132,1.157545345,0.267830774,4
378,S,C_terminal_regulatory_region,FALSE,56,53,3,0.053571429,S,48,0.905660377,0.905660377,0.450791388,0.104303306,2
379,R,C_terminal_regulatory_region,FALSE,56,53,3,0.053571429,R,38,0.716981132,0.716981132,1.323746011,0.306285987,5
380,H,C_terminal_regulatory_region,FALSE,56,53,3,0.053571429,H,46,0.867924528,0.867924528,0.782942153,0.181155756,5
381,K,C_terminal_regulatory_region,FALSE,56,53,3,0.053571429,K,52,0.981132075,0.981132075,0.135036203,0.031244435,2
382,K,C_terminal_regulatory_region,FALSE,56,53,3,0.053571429,K,48,0.905660377,0.905660377,0.518897812,0.120061649,3
383,L,C_terminal_regulatory_region,FALSE,56,56,0,0,L,37,0.660714286,0.660714286,1.490045555,0.344764078,6
384,M,C_terminal_regulatory_region,FALSE,56,56,0,0,M,41,0.732142857,0.732142857,1.168094249,0.27027156,4
385,F,C_terminal_regulatory_region,FALSE,56,56,0,0,F,34,0.607142857,0.607142857,1.530514536,0.354127719,4
386,K,C_terminal_regulatory_region,FALSE,56,56,0,0,K,55,0.982142857,0.982142857,0.129233775,0.02990188,2
387,T,C_terminal_regulatory_region,FALSE,56,56,0,0,R,38,0.678571429,0.160714286,1.493779726,0.345628084,6
388,E,C_terminal_regulatory_region,FALSE,56,56,0,0,E,53,0.946428571,0.946428571,0.350573063,0.081114969,3
389,G,C_terminal_regulatory_region,FALSE,56,56,0,0,G,47,0.839285714,0.839285714,0.966896422,0.223718766,6
390,P,C_terminal_regulatory_region,FALSE,56,56,0,0,P,49,0.875,0.875,0.773860817,0.179054533,5
391,D,C_terminal_regulatory_region,FALSE,56,56,0,0,D,53,0.946428571,0.946428571,0.350573063,0.081114969,3
392,S,C_terminal_regulatory_region,FALSE,56,56,0,0,S,52,0.928571429,0.928571429,0.478375184,0.110685595,4
393,D,C_terminal_regulatory_region,FALSE,56,53,3,0.053571429,D,52,0.981132075,0.981132075,0.135036203,0.031244435,2
