codon,mutation_count,cancer_study_count,unique_sample_count,protein_changes,mutation_types,mutation_frequency_fraction,mutation_frequency_percent,hotspot_rank
,,,,,,,,
273,268,22,267,R273C;R273G;R273H;R273L;R273Lfs*72;R273P;R273S,Frame_Shift_Del;Missense_Mutation,0.063431953,6.343195266,1
248,225,23,224,R248G;R248Hfs*13;R248L;R248P;R248Q;R248W,Frame_Shift_Del;Missense_Mutation,0.053254438,5.325443787,2
175,167,18,167,R175C;R175G;R175H;R175L,Missense_Mutation,0.039526627,3.952662722,3
213,93,20,92,R213*;R213Dfs*34;R213G;R213L;R213P;R213Q,Frame_Shift_Del;Missense_Mutation;Nonsense_Mutation,0.022011834,2.201183432,4
282,91,16,91,R282G;R282Gfs*63;R282Q;R282W;R282_R283del,Frame_Shift_Del;In_Frame_Del;Missense_Mutation,0.021538462,2.153846154,5
245,91,17,89,G245C;G245D;G245R;G245S;G245V,Missense_Mutation,0.021538462,2.153846154,6
220,78,20,78,Y220*;Y220C;Y220D;Y220H;Y220Mfs*27;Y220S,Frame_Shift_Del;Missense_Mutation;Nonsense_Mutation,0.018461538,1.846153846,7
179,69,17,69,H179D;H179L;H179N;H179P;H179Q;H179R;H179Y,Missense_Mutation,0.016331361,1.633136095,8
125,66,17,66,T125=;T125M;T125P;X125_splice,Missense_Mutation;Splice_Region;Splice_Site,0.015621302,1.562130178,9
193,64,17,64,H193D;H193L;H193N;H193P;H193R;H193Y,Missense_Mutation,0.015147929,1.514792899,10
331,59,16,59,Q331*;Q331H;Q331Sfs*6;X331_splice,Frame_Shift_Ins;Missense_Mutation;Nonsense_Mutation;Splice_Region;Splice_Site,0.013964497,1.396449704,11
176,55,16,55,C176*;C176F;C176G;C176R;C176S;C176Sfs*71;C176W;C176Y;C176dup,Frame_Shift_Del;In_Frame_Ins;Missense_Mutation;Nonsense_Mutation,0.013017751,1.301775148,12
196,55,16,55,R196*;R196P,Missense_Mutation;Nonsense_Mutation,0.013017751,1.301775148,13
280,52,13,52,R280*;R280Efs*65;R280G;R280I;R280K;R280Kfs*59;R280S;R280T,Frame_Shift_Del;Missense_Mutation;Nonsense_Mutation,0.012307692,1.230769231,14
158,52,14,52,R158Afs*12;R158C;R158G;R158H;R158L;R158P;R158S,Frame_Shift_Del;Missense_Mutation,0.012307692,1.230769231,15
126,52,18,51,X126_splice;Y126C;Y126D;Y126H;Y126N;Y126S;Y126_M133del,In_Frame_Del;Missense_Mutation;Splice_Site,0.012307692,1.230769231,16
187,51,17,51,G187S;X187_splice,Missense_Mutation;Splice_Site,0.012071006,1.207100592,17
278,50,14,50,P278A;P278H;P278L;P278Lfs*67;P278Lfs*68;P278R;P278S;P278T,Frame_Shift_Del;Frame_Shift_Ins;Missense_Mutation,0.01183432,1.183431953,18
249,47,14,47,R249Ffs*96;R249G;R249Gfs*96;R249M;R249S;R249T;R249W,Frame_Shift_Del;Missense_Mutation,0.01112426,1.112426036,19
157,44,12,44,V157Afs*24;V157D;V157F;V157G;V157Hfs*21;V157L;V157Pfs*23;V157Sfs*13;V157_P177del;V157_R158dup,Frame_Shift_Del;Frame_Shift_Ins;In_Frame_Del;In_Frame_Ins;Missense_Mutation,0.010414201,1.041420118,20
266,44,16,44,G266*;G266Dfs*79;G266E;G266R;G266V,Frame_Shift_Del;Missense_Mutation;Nonsense_Mutation,0.010414201,1.041420118,21
342,44,16,44,R342*;R342Efs*2;R342Efs*3;R342P,Frame_Shift_Del;Missense_Mutation;Nonsense_Mutation,0.010414201,1.041420118,22
195,44,16,44,I195F;I195Ffs*52;I195Lfs*53;I195M;I195N;I195Nfs*14;I195S;I195Sfs*52;I195T;I195Yfs*14,Frame_Shift_Del;Frame_Shift_Ins;Missense_Mutation,0.010414201,1.041420118,23
241,44,18,44,S241A;S241C;S241F;S241P;S241Pfs*6;S241Y;S241dup,Frame_Shift_Del;In_Frame_Ins;Missense_Mutation,0.010414201,1.041420118,24
275,40,17,40,C275*;C275F;C275G;C275Lfs*67;C275Lfs*70;C275R;C275S;C275Vfs*70;C275W;C275Y;C275_R282delinsW,Frame_Shift_Del;In_Frame_Del;Missense_Mutation;Nonsense_Mutation,0.009467456,0.946745562,25
238,40,18,40,C238*;C238F;C238G;C238Lfs*9;C238R;C238S;C238W;C238Y;C238_M243del;C238_N239delinsY,Frame_Shift_Del;In_Frame_Del;Missense_Mutation,0.009467456,0.946745562,26
163,38,11,38,Y163*;Y163C;Y163D;Y163H;Y163Lfs*18;Y163N,Frame_Shift_Ins;Missense_Mutation;Nonsense_Mutation,0.008994083,0.899408284,27
285,37,11,37,E285*;E285K;E285Q;E285Rfs*54;E285V,Frame_Shift_Del;Missense_Mutation;Nonsense_Mutation,0.008757396,0.875739645,28
132,36,14,36,K132E;K132M;K132N;K132Q;K132R;K132T;K132Vfs*15,Frame_Shift_Del;Missense_Mutation,0.00852071,0.852071006,29
224,36,13,36,E224*;E224D;E224Gfs*4;X224_splice,Frame_Shift_Del;Frame_Shift_Ins;Missense_Mutation;Nonsense_Mutation;Splice_Region;Splice_Site,0.00852071,0.852071006,30
151,36,16,35,P151A;P151H;P151L;P151R;P151Rfs*27;P151S;P151T,Frame_Shift_Del;Missense_Mutation,0.00852071,0.852071006,31
173,35,13,35,V173*;V173A;V173Afs*69;V173Efs*7;V173G;V173L;V173M;V173_R175del;V173dup,Frame_Shift_Del;In_Frame_Del;In_Frame_Ins;Missense_Mutation,0.008284024,0.828402367,32
237,35,15,35,M237Cfs*10;M237Gfs*20;M237I;M237K;M237L;M237V;M237_N239del,Frame_Shift_Del;In_Frame_Del;Missense_Mutation,0.008284024,0.828402367,33
242,34,14,34,C242*;C242Afs*5;C242F;C242G;C242R;C242S;C242Y,Frame_Shift_Del;Missense_Mutation;Nonsense_Mutation,0.008047337,0.804733728,34
205,34,16,34,Y205*;Y205C;Y205D;Y205F;Y205H;Y205N;Y205S,Missense_Mutation;Nonsense_Mutation,0.008047337,0.804733728,35
286,34,15,34,E286*;E286A;E286G;E286K;E286Q;E286V;E286_E287del,In_Frame_Del;Missense_Mutation;Nonsense_Mutation,0.008047337,0.804733728,36
306,33,13,33,R306*;R306Afs*31,Frame_Shift_Ins;Nonsense_Mutation,0.007810651,0.781065089,37
225,32,13,32,V225Rfs*23;X225_splice,Frame_Shift_Ins;Splice_Site,0.007573964,0.75739645,38
281,32,15,31,D281A;D281Afs*62;D281Afs*64;D281Afs*66;D281E;D281Efs*26;D281Gfs*63;D281H;D281N;D281V;D281Y,Frame_Shift_Del;Frame_Shift_Ins;Missense_Mutation,0.007573964,0.75739645,39
135,31,15,31,C135*;C135Afs*35;C135F;C135Lfs*14;C135R;C135W;C135Y,Frame_Shift_Del;Frame_Shift_Ins;Missense_Mutation;Nonsense_Mutation,0.007337278,0.733727811,40
141,31,15,31,C141*;C141Afs*29;C141F;C141G;C141R;C141S;C141W;C141Y,Frame_Shift_Del;Missense_Mutation;Nonsense_Mutation,0.007337278,0.733727811,41
337,30,15,30,R337C;R337H;R337L;R337P;R337S,Missense_Mutation,0.007100592,0.710059172,42
307,30,14,29,A307Tfs*29;A307V;X307_splice,Frame_Shift_Del;Missense_Mutation;Splice_Site,0.007100592,0.710059172,43
234,29,12,29,Y234*;Y234C;Y234H;Y234N;Y234Pfs*7;Y234S;Y234Tfs*11,Frame_Shift_Del;Frame_Shift_Ins;Missense_Mutation;Nonsense_Mutation,0.006863905,0.686390533,44
272,29,14,29,V272A;V272Cfs*73;V272G;V272L;V272M,Frame_Shift_Del;Missense_Mutation,0.006863905,0.686390533,45
244,29,13,29,G244*;G244Afs*3;G244C;G244D;G244R;G244S;G244V;G244_M246delinsV,Frame_Shift_Del;In_Frame_Del;Missense_Mutation,0.006863905,0.686390533,46
192,27,13,27,Q192*;Q192R;Q192_H193del;Q192del,In_Frame_Del;Missense_Mutation;Nonsense_Mutation,0.006390533,0.639053254,47
159,27,11,27,A159P;A159V,Missense_Mutation,0.006390533,0.639053254,48
194,26,15,26,L194Efs*51;L194F;L194H;L194P;L194Pfs*13;L194R,Frame_Shift_Del;Missense_Mutation,0.006153846,0.615384615,49
152,25,11,25,P152Afs*14;P152L;P152Lfs*18;P152Q;P152Rfs*18;P152S;P152Wfs*10,Frame_Shift_Del;Missense_Mutation,0.00591716,0.591715976,50
261,24,11,24,S261Vfs*84;X261_splice,Frame_Shift_Del;Splice_Region;Splice_Site,0.005680473,0.568047337,51
271,24,12,24,E271*;E271K;E271Q;E271V,Frame_Shift_Ins;Missense_Mutation;Nonsense_Mutation,0.005680473,0.568047337,52
236,22,8,22,Y236*;Y236C;Y236D;Y236H;Y236del,In_Frame_Del;Missense_Mutation;Nonsense_Mutation,0.005207101,0.520710059,53
110,22,10,22,R110C;R110L;R110P;R110Sfs*14;R110Vfs*13;R110Wfs*12;R110_G112del;R110del,Frame_Shift_Del;Frame_Shift_Ins;In_Frame_Del;Missense_Mutation,0.005207101,0.520710059,54
294,22,10,22,E294*;E294Sfs*51,Frame_Shift_Del;Nonsense_Mutation,0.005207101,0.520710059,55
136,21,11,21,Q136*;Q136E;Q136H;Q136P;Q136_C141del;Q136del,In_Frame_Del;Missense_Mutation;Nonsense_Mutation,0.004970414,0.49704142,56
216,21,12,21,V216E;V216G;V216L;V216M,Missense_Mutation,0.004970414,0.49704142,57
239,20,14,20,N239*;N239D;N239Qfs*24;N239S;N239_S240del;N239_S241del,Frame_Shift_Del;Frame_Shift_Ins;In_Frame_Del;Missense_Mutation,0.004733728,0.473372781,58
298,19,7,19,E298*,Nonsense_Mutation,0.004497041,0.449704142,59
127,19,10,19,S127C;S127F;S127P;S127T;S127Y;S127Yfs*43,Frame_Shift_Del;Missense_Mutation,0.004497041,0.449704142,60
161,19,10,18,A161D;A161Gfs*3;A161P;A161S;A161T;A161V;A161_I162del,Frame_Shift_Del;In_Frame_Del;Missense_Mutation,0.004497041,0.449704142,61
214,19,13,19,H214L;H214Qfs*33;H214R,Frame_Shift_Del;Missense_Mutation,0.004497041,0.449704142,62
215,18,14,18,S215G;S215I;S215Kfs*7;S215N;S215R,Frame_Shift_Ins;Missense_Mutation,0.004260355,0.426035503,63
274,18,10,18,V274D;V274F;V274G;V274L;V274_C275dup;V274_G279del;V274dup,In_Frame_Del;In_Frame_Ins;Missense_Mutation,0.004260355,0.426035503,64
154,18,8,18,G154Afs*16;G154Rfs*27;G154V;G154Wfs*10,Frame_Shift_Del;Frame_Shift_Ins;Missense_Mutation,0.004260355,0.426035503,65
144,17,11,17,Q144*;Q144Afs*16;Q144Gfs*24;Q144H;Q144L;Q144Lfs*5;Q144P;Q144Tfs*5;Q144_L145dup,Frame_Shift_Del;Frame_Shift_Ins;In_Frame_Ins;Missense_Mutation;Nonsense_Mutation,0.004023669,0.402366864,66
33,17,12,17,S33Ffs*10;X33_splice,Frame_Shift_Ins;Splice_Site,0.004023669,0.402366864,67
267,17,9,17,R267G;R267L;R267P;R267Q;R267W,Missense_Mutation,0.004023669,0.402366864,68
317,17,12,17,Q317*;Q317Afs*19;Q317Pfs*20,Frame_Shift_Del;Frame_Shift_Ins;Nonsense_Mutation,0.004023669,0.402366864,69
171,16,13,16,E171*;E171Gfs*3;E171Gfs*4;E171K;E171Lfs*2;E171Rfs*3,Frame_Shift_Del;Frame_Shift_Ins;Missense_Mutation;Nonsense_Mutation,0.003786982,0.378698225,70
155,16,9,16,T155I;T155N;T155P;T155_A161del;T155_R156del;T155_R156delinsN;T155_R158del;T155_R158delinsC,In_Frame_Del;Missense_Mutation,0.003786982,0.378698225,71
258,15,10,15,E258*;E258A;E258D;E258G;E258K;E258Q;E258Qfs*3;X258_splice,Frame_Shift_Del;Missense_Mutation;Nonsense_Mutation;Splice_Site,0.003550296,0.355029586,72
91,15,12,15,W91*,Nonsense_Mutation,0.003550296,0.355029586,73
146,15,10,15,W146*;W146S;W146Vfs*3,Frame_Shift_Ins;Missense_Mutation;Nonsense_Mutation,0.003550296,0.355029586,74
177,15,8,15,P177H;P177L;P177R;P177S;P177T;P177_C182del;P177_H178del,In_Frame_Del;Missense_Mutation,0.003550296,0.355029586,75
204,15,8,15,E204*;E204D;E204Q;E204Sfs*43;E204Vfs*4,Frame_Shift_Del;Missense_Mutation;Nonsense_Mutation,0.003550296,0.355029586,76
105,15,6,15,G105C;G105D;G105R;G105S;G105V,Missense_Mutation,0.003550296,0.355029586,77
209,15,10,15,R209*;R209Hfs*5;R209I;R209K;R209Kfs*6,Frame_Shift_Del;Missense_Mutation;Nonsense_Mutation,0.003550296,0.355029586,78
250,15,12,15,P250Hfs*13;P250L;P250R;P250_I251delinsL,Frame_Shift_Del;In_Frame_Del;Missense_Mutation,0.003550296,0.355029586,79
332,14,11,14,I332F;X332_splice,Missense_Mutation;Splice_Site,0.003313609,0.331360947,80
178,14,11,14,H178D;H178Pfs*3;H178Pfs*70;H178Q;H178Qfs*3;H178Sfs*69;H178Tfs*69;H178_S183del,Frame_Shift_Del;Frame_Shift_Ins;In_Frame_Del;Missense_Mutation,0.003313609,0.331360947,81
270,13,7,13,F270C;F270I;F270L;F270Lfs*2;F270S;F270V,Frame_Shift_Ins;Missense_Mutation,0.003076923,0.307692308,82
246,13,11,13,M246I;M246R;M246T;M246V,Missense_Mutation,0.003076923,0.307692308,83
27,13,11,13,P27L;P27Lfs*17;P27S,Frame_Shift_Del;Missense_Mutation,0.003076923,0.307692308,84
156,13,10,13,R156Afs*12;R156C;R156G;R156H;R156Hfs*26;R156P;R156Pfs*13;R156del,Frame_Shift_Del;Frame_Shift_Ins;In_Frame_Del;Missense_Mutation,0.003076923,0.307692308,85
198,13,8,13,E198*;E198Gfs*11,Frame_Shift_Ins;Nonsense_Mutation,0.003076923,0.307692308,86
277,13,7,13,C277*;C277F;C277G;C277Vfs*68;C277W;C277Y;C277dup,Frame_Shift_Del;In_Frame_Ins;Missense_Mutation;Nonsense_Mutation,0.003076923,0.307692308,87
130,12,9,12,L130Cfs*20;L130F;L130P;L130R;L130V,Frame_Shift_Ins;Missense_Mutation,0.002840237,0.284023669,88
143,12,9,12,V143A;V143Afs*29;V143E;V143G;V143M;V143Rfs*18,Frame_Shift_Del;Frame_Shift_Ins;Missense_Mutation,0.002840237,0.284023669,89
35,12,7,12,L35Cfs*9;L35Ffs*7;L35Ffs*8;L35Pfs*10,Frame_Shift_Del;Frame_Shift_Ins,0.002840237,0.284023669,90
122,12,7,12,V122Cfs*27;V122Dfs*26;V122Lfs*25,Frame_Shift_Del;Frame_Shift_Ins,0.002840237,0.284023669,91
259,12,8,12,D259Efs*86;D259N;D259V;D259Y,Frame_Shift_Del;Missense_Mutation,0.002840237,0.284023669,92
255,12,7,12,I255F;I255N;I255S;I255T;I255del,In_Frame_Del;Missense_Mutation,0.002840237,0.284023669,93
262,11,8,11,G262V;G262Vfs*83;G262del,Frame_Shift_Del;In_Frame_Del;Missense_Mutation,0.00260355,0.26035503,94
32,11,6,11,L32Cfs*12;X32_splice,Frame_Shift_Del;Splice_Region;Splice_Site,0.00260355,0.26035503,95
139,11,8,11,K139Afs*5;K139Cfs*6;K139N;K139Nfs*9;K139Rfs*31;K139_P142del;K139_P142delinsT,Frame_Shift_Del;In_Frame_Del;Missense_Mutation,0.00260355,0.26035503,96
191,11,8,11,P191L;P191Qfs*51;P191del,Frame_Shift_Del;In_Frame_Del;Missense_Mutation,0.00260355,0.26035503,97
283,10,5,10,R283Afs*62;R283H;R283P,Frame_Shift_Del;Missense_Mutation,0.002366864,0.236686391,98
73,10,7,10,V73Rfs*76;V73Wfs*50,Frame_Shift_Del;Frame_Shift_Ins,0.002366864,0.236686391,99
167,10,9,10,Q167*;Q167Hfs*3;Q167Tfs*14,Frame_Shift_Del;Frame_Shift_Ins;Nonsense_Mutation,0.002366864,0.236686391,100
131,10,8,10,N131I;N131Kfs*39;N131Qfs*17;N131S;N131Tfs*39;N131del,Frame_Shift_Del;In_Frame_Del;Missense_Mutation,0.002366864,0.236686391,101
211,10,6,10,T211A;T211Ffs*4;T211I;T211Lfs*36;T211_H214del,Frame_Shift_Del;In_Frame_Del;Missense_Mutation,0.002366864,0.236686391,102
138,10,7,10,A138Cfs*27;A138T;A138V;A138_L145del;A138_P142del,Frame_Shift_Del;In_Frame_Del;Missense_Mutation,0.002366864,0.236686391,103
279,9,7,9,G279E;G279Pfs*69;G279R,Frame_Shift_Ins;Missense_Mutation,0.002130178,0.213017751,104
287,9,5,9,E287*;E287D;E287Pfs*9;E287Q,Frame_Shift_Del;Missense_Mutation;Nonsense_Mutation,0.002130178,0.213017751,105
265,9,7,9,L265P;L265R;L265Tfs*7,Frame_Shift_Ins;Missense_Mutation,0.002130178,0.213017751,106
276,9,8,9,A276D;A276G;A276Lfs*29;A276Lfs*31;A276P,Frame_Shift_Del;Frame_Shift_Ins;Missense_Mutation,0.002130178,0.213017751,107
232,9,8,9,I232F;I232N;I232S;I232T,Missense_Mutation,0.002130178,0.213017751,108
90,9,8,9,S90Ffs*53;S90Pfs*33;S90Pfs*34;S90Vfs*55,Frame_Shift_Del;Frame_Shift_Ins,0.002130178,0.213017751,109
199,9,7,9,G199*;G199Efs*48;G199Ifs*47;G199V,Frame_Shift_Del;Missense_Mutation;Nonsense_Mutation,0.002130178,0.213017751,110
109,9,5,9,F109C;F109Lfs*36;F109S;F109V,Frame_Shift_Del;Missense_Mutation,0.002130178,0.213017751,111
113,9,7,9,F113C;F113L;F113V;F113del,In_Frame_Del;Missense_Mutation,0.002130178,0.213017751,112
183,9,6,9,S183*,Nonsense_Mutation,0.002130178,0.213017751,113
336,9,5,9,E336*;E336Afs*10;E336Sfs*9;E336_R337del,Frame_Shift_Del;In_Frame_Del;Nonsense_Mutation,0.002130178,0.213017751,114
339,9,6,9,E339*;E339Afs*8;E339Rfs*6,Frame_Shift_Del;Frame_Shift_Ins;Nonsense_Mutation,0.002130178,0.213017751,115
172,8,5,8,V172D;V172F;V172G;V172Lfs*2,Frame_Shift_Del;Missense_Mutation,0.001893491,0.189349112,116
190,8,5,8,P190L;P190R,Missense_Mutation,0.001893491,0.189349112,117
53,8,8,8,W53*;W53Cfs*4;W53Mfs*4,Frame_Shift_Ins;Nonsense_Mutation,0.001893491,0.189349112,118
343,7,4,7,E343*;E343Gfs*2,Frame_Shift_Del;Nonsense_Mutation,0.001656805,0.165680473,119
181,7,7,7,R181C;R181H;R181P,Missense_Mutation,0.001656805,0.165680473,120
162,7,5,7,I162F;I162Hfs*12;I162N;I162Tfs*8;I162Wfs*10;I162_Y163delinsN;I162dup,Frame_Shift_Del;Frame_Shift_Ins;In_Frame_Del;In_Frame_Ins;Missense_Mutation,0.001656805,0.165680473,121
334,7,4,7,G334V;G334W,Missense_Mutation,0.001656805,0.165680473,122
197,7,7,7,V197G;V197Ifs*42;V197L;V197M,Frame_Shift_Del;Missense_Mutation,0.001656805,0.165680473,123
134,7,6,7,F134L;F134V,Missense_Mutation,0.001656805,0.165680473,124
111,7,5,7,L111P;L111Q;L111R,Missense_Mutation,0.001656805,0.165680473,125
94,7,6,7,S94*;S94Cfs*30,Frame_Shift_Ins;Nonsense_Mutation,0.001656805,0.165680473,126
256,7,6,7,T256Hfs*8;T256I;T256Ifs*90;T256Nfs*8;T256del,Frame_Shift_Ins;In_Frame_Del;Missense_Mutation,0.001656805,0.165680473,127
252,7,5,7,L252P;L252Sfs*93;L252_I254del;L252_T253delinsP;L252del,Frame_Shift_Del;In_Frame_Del;Missense_Mutation,0.001656805,0.165680473,128
104,7,6,7,Q104*;Q104H;Q104Tfs*20,Frame_Shift_Ins;Missense_Mutation;Nonsense_Mutation,0.001656805,0.165680473,129
229,7,7,7,C229*;C229Lfs*18;C229Yfs*10;C229_I232del,Frame_Shift_Del;In_Frame_Del;Nonsense_Mutation,0.001656805,0.165680473,130
180,6,6,6,E180*;E180K;E180_D184del;E180_S185del,In_Frame_Del;Missense_Mutation;Nonsense_Mutation,0.001420118,0.142011834,131
253,6,5,5,T253A;T253Hfs*11;T253I;T253N;T253dup,Frame_Shift_Ins;In_Frame_Ins;Missense_Mutation,0.001420118,0.142011834,132
120,6,5,6,K120E;K120Sfs*3;K120Tfs*2,Frame_Shift_Del;Missense_Mutation;Nonsense_Mutation,0.001420118,0.142011834,133
164,6,6,6,K164E;K164Sfs*5;K164Sfs*6,Frame_Shift_Del;Missense_Mutation,0.001420118,0.142011834,134
124,6,5,6,C124*;C124Afs*46;C124G;C124Wfs*25,Frame_Shift_Del;Frame_Shift_Ins;Missense_Mutation;Nonsense_Mutation,0.001420118,0.142011834,135
128,6,5,6,P128Lfs*42;P128del,Frame_Shift_Del;In_Frame_Del,0.001420118,0.142011834,136
65,6,3,6,R65*;R65Efs*58;R65Qfs*84,Frame_Shift_Del;Frame_Shift_Ins;Nonsense_Mutation,0.001420118,0.142011834,137
68,6,4,6,E68*,Nonsense_Mutation,0.001420118,0.142011834,138
257,6,5,6,L257P;L257Pfs*7;L257Q;L257R,Frame_Shift_Ins;Missense_Mutation,0.001420118,0.142011834,139
168,6,6,6,H168Cfs*8;H168L;H168P;H168R,Frame_Shift_Del;Missense_Mutation,0.001420118,0.142011834,140
218,6,5,6,V218Cfs*29;V218E;V218G;V218del,Frame_Shift_Del;In_Frame_Del;Missense_Mutation,0.001420118,0.142011834,141
221,6,6,6,E221*;E221Afs*2,Frame_Shift_Del;Nonsense_Mutation,0.001420118,0.142011834,142
240,6,5,6,S240G;S240Gfs*20;S240Kfs*24;S240R;S240_C242del,Frame_Shift_Del;Frame_Shift_Ins;In_Frame_Del;Missense_Mutation,0.001420118,0.142011834,143
251,6,5,6,I251F;I251N;I251S;I251Sfs*94,Frame_Shift_Del;Missense_Mutation,0.001420118,0.142011834,144
56,6,5,6,E56*;E56Kfs*67,Frame_Shift_Del;Nonsense_Mutation,0.001420118,0.142011834,145
301,6,5,6,P301Qfs*44;P301T,Frame_Shift_Del;Missense_Mutation,0.001420118,0.142011834,146
153,5,4,5,P153Afs*28;P153Rfs*18,Frame_Shift_Ins,0.001183432,0.118343195,147
335,5,4,5,R335Lfs*10;R335Qfs*2;R335Vfs*10,Frame_Shift_Del;Frame_Shift_Ins,0.001183432,0.118343195,148
106,5,4,5,S106R,Missense_Mutation,0.001183432,0.118343195,149
100,5,4,5,Q100*;Q100Gfs*37,Frame_Shift_Del;Nonsense_Mutation,0.001183432,0.118343195,150
228,5,4,5,D228*;D228E;D228N;D228Vfs*18,Frame_Shift_Del;Frame_Shift_Ins;Missense_Mutation,0.001183432,0.118343195,151
302,5,5,5,G302Afs*31;G302Efs*3;G302Rfs*4,Frame_Shift_Del;Frame_Shift_Ins,0.001183432,0.118343195,152
103,5,4,5,Y103*;Y103Lfs*46;Y103Tfs*20,Frame_Shift_Del;Frame_Shift_Ins;Nonsense_Mutation,0.001183432,0.118343195,153
108,5,3,5,G108Ffs*40;G108S;G108Vfs*15,Frame_Shift_Del;Missense_Mutation,0.001183432,0.118343195,154
305,5,4,5,K305*;K305Efs*39;X305_splice,Frame_Shift_Del;Nonsense_Mutation;Splice_Site,0.001183432,0.118343195,155
382,5,3,5,K382Nfs*40,Frame_Shift_Del,0.001183432,0.118343195,156
349,5,4,5,E349*,Nonsense_Mutation,0.001183432,0.118343195,157
145,5,4,5,L145P;L145Q;L145R,Missense_Mutation,0.001183432,0.118343195,158
38,5,5,5,Q38*;Q38Kfs*6,Frame_Shift_Del;Nonsense_Mutation,0.001183432,0.118343195,159
212,4,4,4,F212Sfs*3;F212Yfs*34,Frame_Shift_Del,0.000946746,0.094674556,160
203,4,4,4,V203Gfs*44;V203Gfs*5;V203L;V203Wfs*44,Frame_Shift_Del;Missense_Mutation,0.000946746,0.094674556,161
107,4,3,4,Y107Cfs*16;Y107D,Frame_Shift_Del;Missense_Mutation,0.000946746,0.094674556,162
62,4,4,4,E62*;E62K;E62Kfs*61,Frame_Shift_Del;Missense_Mutation;Nonsense_Mutation,0.000946746,0.094674556,163
268,4,4,4,N268*;N268Kfs*77;N268Tfs*77;N268_R273del,Frame_Shift_Del;In_Frame_Del,0.000946746,0.094674556,164
97,4,4,4,V97D;V97Efs*48;V97Sfs*26,Frame_Shift_Del;Missense_Mutation,0.000946746,0.094674556,165
348,4,3,4,L348*;L348F;L348S;L348Wfs*22,Frame_Shift_Del;Missense_Mutation;Nonsense_Mutation,0.000946746,0.094674556,166
174,4,4,4,R174Sfs*73;R174W,Frame_Shift_Del;Missense_Mutation,0.000946746,0.094674556,167
166,4,4,4,S166*,Nonsense_Mutation,0.000946746,0.094674556,168
333,4,4,4,R333C;R333Vfs*12,Frame_Shift_Del;Missense_Mutation,0.000946746,0.094674556,169
208,4,4,4,D208G;D208N;D208V,Missense_Mutation,0.000946746,0.094674556,170
48,4,4,4,D48Gfs*4;D48N;D48Nfs*72;D48Tfs*75,Frame_Shift_Del;Frame_Shift_Ins;Missense_Mutation,0.000946746,0.094674556,171
51,4,3,4,E51*;E51Gfs*6,Frame_Shift_Ins;Nonsense_Mutation,0.000946746,0.094674556,172
330,4,3,4,L330Ffs*15;L330I;L330R,Frame_Shift_Del;Missense_Mutation,0.000946746,0.094674556,173
367,4,3,4,X367_splice,Splice_Site,0.000946746,0.094674556,174
319,4,4,4,K319*;K319Afs*19;K319N;K319Rfs*26,Frame_Shift_Del;Frame_Shift_Ins;Missense_Mutation;Nonsense_Mutation,0.000946746,0.094674556,175
223,4,4,4,P223*;P223Rfs*4;X223_splice,Frame_Shift_Del;Frame_Shift_Ins;Splice_Site,0.000946746,0.094674556,176
320,4,3,3,K320E;K320Gfs*22;K320Nfs*19;K320Rfs*25,Frame_Shift_Del;Missense_Mutation,0.000946746,0.094674556,177
25,3,3,3,X25_splice,Splice_Site,0.000710059,0.071005917,178
345,3,2,3,N345D;N345Mfs*25;N345Sfs*2,Frame_Shift_Del;Missense_Mutation;Nonsense_Mutation,0.000710059,0.071005917,179
341,3,3,3,F341Efs*7;F341L;F341V,Frame_Shift_Ins;Missense_Mutation,0.000710059,0.071005917,180
64,3,3,3,P64Qfs*84;P64Sfs*59;P64T,Frame_Shift_Del;Missense_Mutation,0.000710059,0.071005917,181
263,3,2,3,N263Ifs*82;N263Kfs*9;N263Sfs*8,Frame_Shift_Del;Frame_Shift_Ins,0.000710059,0.071005917,182
254,3,3,3,I254S,Missense_Mutation,0.000710059,0.071005917,183
72,3,3,3,P72Rfs*51;P72S,Frame_Shift_Del;Missense_Mutation,0.000710059,0.071005917,184
313,3,3,3,S313Afs*32;S313Tfs*32,Frame_Shift_Del,0.000710059,0.071005917,185
375,3,3,3,Q375*;Q375K,Missense_Mutation;Nonsense_Mutation,0.000710059,0.071005917,186
290,3,3,3,R290C;R290Kfs*53;R290Sfs*56,Frame_Shift_Del;Frame_Shift_Ins;Missense_Mutation,0.000710059,0.071005917,187
52,3,3,3,Q52*,Nonsense_Mutation,0.000710059,0.071005917,188
284,3,2,3,T284Hfs*22;T284Kfs*61;T284Qfs*61,Frame_Shift_Del;Frame_Shift_Ins,0.000710059,0.071005917,189
292,3,3,3,K292*;K292Gfs*52,Frame_Shift_Del;Nonsense_Mutation,0.000710059,0.071005917,190
77,3,2,3,P77Cfs*73;P77Gfs*65;P77L,Frame_Shift_Del;Frame_Shift_Ins;Missense_Mutation,0.000710059,0.071005917,191
43,3,3,3,L43*;L43Afs*7,Frame_Shift_Del,0.000710059,0.071005917,192
118,3,3,3,T118Dfs*31;T118Qfs*5,Frame_Shift_Del;Frame_Shift_Ins,0.000710059,0.071005917,193
230,3,3,3,T230Hfs*9;T230P;T230_T231del,Frame_Shift_Del;In_Frame_Del;Missense_Mutation,0.000710059,0.071005917,194
123,3,3,3,T123Dfs*26;T123Lfs*47;T123Rfs*48,Frame_Shift_Del;Frame_Shift_Ins,0.000710059,0.071005917,195
219,3,3,3,P219Afs*3;P219Lfs*2;P219T,Frame_Shift_Del;Frame_Shift_Ins;Missense_Mutation,0.000710059,0.071005917,196
165,3,3,3,Q165*;Q165Afs*6;Q165Hfs*17,Frame_Shift_Del;Frame_Shift_Ins;Nonsense_Mutation,0.000710059,0.071005917,197
149,3,3,3,S149Ffs*32;S149Pfs*21,Frame_Shift_Del;Frame_Shift_Ins,0.000710059,0.071005917,198
169,3,3,3,M169I;M169T,Missense_Mutation,0.000710059,0.071005917,199
189,3,3,3,A189Dfs*14;A189Pfs*58,Frame_Shift_Del,0.000710059,0.071005917,200
142,3,3,3,P142L;P142Lfs*28;P142del,Frame_Shift_Del;In_Frame_Del;Missense_Mutation,0.000710059,0.071005917,201
147,3,3,3,V147G;V147Lfs*23;V147_D148dup,Frame_Shift_Del;In_Frame_Ins;Missense_Mutation,0.000710059,0.071005917,202
133,3,3,3,M133K;M133R,Missense_Mutation,0.000710059,0.071005917,203
201,3,2,3,L201*;L201Ffs*8,Frame_Shift_Ins;Nonsense_Mutation,0.000710059,0.071005917,204
86,3,3,3,A86Cfs*63;A86Pfs*34;A86Vfs*55,Frame_Shift_Del;Frame_Shift_Ins,0.000710059,0.071005917,205
329,3,2,3,T329Hfs*8;T329Rfs*14,Frame_Shift_Del;Frame_Shift_Ins,0.000710059,0.071005917,206
327,3,3,3,Y327*,Nonsense_Mutation,0.000710059,0.071005917,207
351,3,3,3,K351*;K351E,Missense_Mutation;Nonsense_Mutation,0.000710059,0.071005917,208
58,2,1,2,P58Qfs*65,Frame_Shift_Del,0.000473373,0.047337278,209
84,2,2,2,A84Pfs*39,Frame_Shift_Del,0.000473373,0.047337278,210
226,2,2,2,G226Afs*21,Frame_Shift_Del,0.000473373,0.047337278,211
321,2,2,2,K321*;K321Efs*16,Frame_Shift_Ins;Nonsense_Mutation,0.000473373,0.047337278,212
61,2,1,2,D61*;D61G,Frame_Shift_Del;Missense_Mutation,0.000473373,0.047337278,213
315,2,2,2,S315C;S315Lfs*30,Frame_Shift_Del;Missense_Mutation,0.000473373,0.047337278,214
328,2,2,2,F328Sfs*17,Frame_Shift_Del,0.000473373,0.047337278,215
57,2,2,2,D57Kfs*67;D57N,Frame_Shift_Ins;Missense_Mutation,0.000473373,0.047337278,216
82,2,2,2,P82L;P82Rfs*41,Frame_Shift_Del;Missense_Mutation,0.000473373,0.047337278,217
297,2,2,2,H297Pfs*48;H297Tfs*48,Frame_Shift_Del,0.000473373,0.047337278,218
79,2,2,2,A79Pfs*70;A79V,Frame_Shift_Ins;Missense_Mutation,0.000473373,0.047337278,219
75,2,1,2,P75Lfs*48,Frame_Shift_Del,0.000473373,0.047337278,220
188,2,2,2,L188Gfs*20;L188Tfs*21,Frame_Shift_Del;Frame_Shift_Ins,0.000473373,0.047337278,221
346,2,2,2,E346*,Frame_Shift_Ins;Nonsense_Mutation,0.000473373,0.047337278,222
338,2,2,2,F338I;F338Lfs*7,Frame_Shift_Del;Missense_Mutation,0.000473373,0.047337278,223
11,2,2,2,E11*;E11K,Missense_Mutation;Nonsense_Mutation,0.000473373,0.047337278,224
20,2,2,2,S20*;S20Qfs*24,Frame_Shift_Del;Nonsense_Mutation,0.000473373,0.047337278,225
148,2,2,2,D148Ifs*22;D148N,Frame_Shift_Del;Missense_Mutation,0.000473373,0.047337278,226
137,2,1,2,L137Pfs*32;L137Q,Frame_Shift_Del;Missense_Mutation,0.000473373,0.047337278,227
200,2,2,2,N200Ifs*47,Frame_Shift_Del,0.000473373,0.047337278,228
46,2,1,2,S46*;S46Tfs*5,Frame_Shift_Del,0.000473373,0.047337278,229
308,2,2,2,L308Afs*28;L308Qfs*27,Frame_Shift_Del,0.000473373,0.047337278,230
288,2,2,2,N288Efs*18;N288Kfs*59,Frame_Shift_Ins,0.000473373,0.047337278,231
44,2,2,2,M44Ifs*79;M44Tfs*75,Frame_Shift_Del,0.000473373,0.047337278,232
121,2,2,2,S121Cfs*27;S121Y,Frame_Shift_Del;Missense_Mutation,0.000473373,0.047337278,233
92,2,2,2,P92Afs*57;P92S,Frame_Shift_Ins;Missense_Mutation,0.000473373,0.047337278,234
260,2,1,2,S260Lfs*4;S260_L264dup,Frame_Shift_Ins;In_Frame_Ins,0.000473373,0.047337278,235
269,2,2,2,S269Ifs*2;S269_E271delinsK,Frame_Shift_Del;In_Frame_Del,0.000473373,0.047337278,236
207,2,1,2,D207Ffs*35;D207Mfs*40,Frame_Shift_Del,0.000473373,0.047337278,237
102,2,2,2,T102Pfs*21,Frame_Shift_Del,0.000473373,0.047337278,238
99,2,2,2,S99Rfs*23,Frame_Shift_Del,0.000473373,0.047337278,239
247,2,2,2,N247I,Missense_Mutation,0.000473373,0.047337278,240
184,1,1,1,D184Afs*62,Frame_Shift_Del,0.000236686,0.023668639,241
1,1,1,1,M1?,Translation_Start_Site,0.000236686,0.023668639,242
10,1,1,1,X10_splice,Splice_Site,0.000236686,0.023668639,243
4,1,1,1,P4L,Missense_Mutation,0.000236686,0.023668639,244
30,1,1,1,N30del,In_Frame_Del,0.000236686,0.023668639,245
23,1,1,1,W23*,Nonsense_Mutation,0.000236686,0.023668639,246
22,1,1,1,L22Yfs*22,Frame_Shift_Del,0.000236686,0.023668639,247
37,1,1,1,S37Vfs*6,Frame_Shift_Del,0.000236686,0.023668639,248
340,1,1,1,M340Sfs*8,Frame_Shift_Ins,0.000236686,0.023668639,249
36,1,1,1,P36Wfs*4,Frame_Shift_Del,0.000236686,0.023668639,250
347,1,1,1,A347V,Missense_Mutation,0.000236686,0.023668639,251
160,1,1,1,M160I,Missense_Mutation,0.000236686,0.023668639,252
129,1,1,1,A129Vfs*20,Frame_Shift_Ins,0.000236686,0.023668639,253
150,1,1,1,T150Afs*16,Frame_Shift_Del,0.000236686,0.023668639,254
186,1,1,1,D186Vfs*61,Frame_Shift_Del,0.000236686,0.023668639,255
140,1,1,1,T140Mfs*28,Frame_Shift_Del,0.000236686,0.023668639,256
206,1,1,1,L206Wfs*41,Frame_Shift_Del,0.000236686,0.023668639,257
96,1,1,1,S96Ffs*25,Frame_Shift_Del,0.000236686,0.023668639,258
243,1,1,1,M243I,Missense_Mutation,0.000236686,0.023668639,259
101,1,1,1,K101*,Nonsense_Mutation,0.000236686,0.023668639,260
93,1,1,1,L93Vfs*55,Frame_Shift_Del,0.000236686,0.023668639,261
202,1,1,1,R202_L206del,In_Frame_Del,0.000236686,0.023668639,262
210,1,1,1,N210Tfs*37,Frame_Shift_Del,0.000236686,0.023668639,263
217,1,1,1,V217Gfs*31,Frame_Shift_Ins,0.000236686,0.023668639,264
114,1,1,1,L114*,Nonsense_Mutation,0.000236686,0.023668639,265
115,1,1,1,H115Ifs*8,Frame_Shift_Del,0.000236686,0.023668639,266
227,1,1,1,S227*,Frame_Shift_Del,0.000236686,0.023668639,267
85,1,1,1,P85Lfs*38,Frame_Shift_Del,0.000236686,0.023668639,268
69,1,1,1,A69Gfs*80,Frame_Shift_Ins,0.000236686,0.023668639,269
67,1,1,1,P67S,Missense_Mutation,0.000236686,0.023668639,270
66,1,1,1,M66Tfs*60,Frame_Shift_Ins,0.000236686,0.023668639,271
264,1,1,1,L264Yfs*81,Frame_Shift_Del,0.000236686,0.023668639,272
98,1,1,1,P98Afs*51,Frame_Shift_Ins,0.000236686,0.023668639,273
303,1,1,1,S303Afs*42,Frame_Shift_Del,0.000236686,0.023668639,274
304,1,1,1,T304Ifs*41,Frame_Shift_Del,0.000236686,0.023668639,275
40,1,1,1,M40Lfs*7,Frame_Shift_Ins,0.000236686,0.023668639,276
291,1,1,1,K291Sfs*51,Frame_Shift_Del,0.000236686,0.023668639,277
83,1,1,1,A83Gfs*66,Frame_Shift_Ins,0.000236686,0.023668639,278
74,1,1,1,A74T,Missense_Mutation,0.000236686,0.023668639,279
76,1,1,1,A76Hfs*47,Frame_Shift_Del,0.000236686,0.023668639,280
296,1,1,1,H296Tfs*49,Frame_Shift_Del,0.000236686,0.023668639,281
289,1,1,1,L289F,Missense_Mutation,0.000236686,0.023668639,282
310,1,1,1,N310Tfs*35,Frame_Shift_Del,0.000236686,0.023668639,283
299,1,1,1,L299Afs*7,Frame_Shift_Ins,0.000236686,0.023668639,284
49,1,1,1,D49Sfs*69,Frame_Shift_Del,0.000236686,0.023668639,285
47,1,1,1,P47Rfs*76,Frame_Shift_Del,0.000236686,0.023668639,286
42,1,1,1,D42Ifs*2,Frame_Shift_Del,0.000236686,0.023668639,287
325,1,1,1,G325*,Nonsense_Mutation,0.000236686,0.023668639,288
54,1,1,1,F54Sfs*69,Frame_Shift_Del,0.000236686,0.023668639,289
322,1,1,1,P322Hfs*23,Frame_Shift_Del,0.000236686,0.023668639,290
316,1,1,1,P316Sfs*21,Frame_Shift_Ins,0.000236686,0.023668639,291
318,1,1,1,P318Tfs*15,Frame_Shift_Del,0.000236686,0.023668639,292
355,1,1,1,A355T,Missense_Mutation,0.000236686,0.023668639,293
354,1,1,1,Q354*,Nonsense_Mutation,0.000236686,0.023668639,294
376,1,1,1,S376C,Missense_Mutation,0.000236686,0.023668639,295
379,1,1,1,R379C,Missense_Mutation,0.000236686,0.023668639,296
383,1,1,1,L383Cfs*38,Frame_Shift_Del,0.000236686,0.023668639,297
385,1,1,1,F385L,Missense_Mutation,0.000236686,0.023668639,298
390,1,1,1,P390Qfs*32,Frame_Shift_Del,0.000236686,0.023668639,299
392,1,1,1,S392Tfs*76,Frame_Shift_Del,0.000236686,0.023668639,300
